Title,Updated Description
La lista de Schindler,"Obra maestra del drama histórico dirigida por Steven Spielberg en 1993. Basada en hechos reales, narra la historia de Oskar Schindler, un empresario alemán que durante la Segunda Guerra Mundial salvó la vida de más de mil judíos polacos empleándolos en su fábrica. Con una fotografía en blanco y negro que evoca la brutalidad del Holocausto, la película explora temas de redención, humanidad y heroísmo. Ganadora de 7 premios Óscar, incluyendo Mejor Película y Mejor Director. Ideal para amantes del drama histórico y películas de guerra."
El club de la pelea,"Perturbador thriller psicológico de David Fincher basado en la novela de Chuck Palahniuk. Un empleado de oficina insomne y frustrado con la vida moderna conoce a un carismático vendedor de jabón y juntos fundan un club de pelea clandestino que evoluciona hacia algo mucho más oscuro y peligroso. La película es una crítica feroz al consumismo y la masculinidad tóxica, con un giro final impactante. Protagonizada por Brad Pitt y Edward Norton. Perfecta para fans del thriller psicológico y el cine de autor."
El padrino,"Épica saga criminal dirigida por Francis Ford Coppola en 1972, considerada una de las mejores películas de la historia. Narra el declive del patriarca Vito Corleone y el ascenso de su hijo Michael al poder en el seno de una familia mafiosa italiana. Con actuaciones memorables de Marlon Brando y Al Pacino, la película explora temas de poder, familia, lealtad y corrupción. Ganadora de 3 premios Óscar. Imprescindible para los amantes del drama y el cine de crimen."
El señor de los anillos: El retorno del rey,"Épica conclusión de la trilogía de Peter Jackson basada en la obra de J.R.R. Tolkien. La batalla final por la Tierra Media se libra en los campos de Minas Tirith mientras Frodo y Sam continúan su desesperado viaje hacia Mordor para destruir el Anillo Único. Con efectos visuales revolucionarios y una narrativa grandiosa, la película ganó 11 premios Óscar, igualando el récord histórico. Perfecta para fans de la fantasía épica y la aventura."
Forrest Gump,"Drama emotivo y optimista dirigido por Robert Zemeckis en 1994. La historia extraordinaria de Forrest Gump, un hombre sureño con un CI por debajo de lo normal pero con un corazón inmenso, que sin proponérselo toca los momentos más importantes de la historia estadounidense: Vietnam, Watergate y la carrera espacial. Con Tom Hanks en una actuación que le valió el Óscar, la película es un poema visual sobre la inocencia, el amor y la perseverancia. Ganadora de 6 premios Óscar."
Pulp Fiction,"Obra revolucionaria del cine independiente dirigida por Quentin Tarantino en 1994. Las historias entrelazadas de dos sicarios, un boxeador, la esposa de un gangster y otros personajes del hampa de Los Ángeles se presentan de forma no lineal, llenas de violencia estilizada, diálogos ingeniosos y humor negro. Ganadora de la Palma de Oro en Cannes y un fenómeno cultural que redefinió el cine de los años 90. Imprescindible para fans del cine de autor y el thriller."
El caballero oscuro,"Superhéroe épico de Christopher Nolan que trasciende el género. Batman enfrenta al Joker, un agente del caos interpretado magistralmente por Heath Ledger, quien busca sumir a Ciudad Gótica en la anarquía. La película explora profundas cuestiones morales sobre el bien y el mal, el heroísmo y el sacrificio. Con una atmósfera oscura y realista, revolucionó el cine de superhéroes. Heath Ledger ganó el Óscar póstumo por su actuación."
Origen,"Thriller de ciencia ficción de Christopher Nolan que desafía los límites de la percepción. Dominic Cobb es un ladrón especializado en robar secretos de las mentes de las personas mientras sueñan. Cuando se le ofrece una última misión, implantar una idea en lugar de robarla, debe adentrarse en los niveles más profundos del sueño. Con efectos visuales innovadores y una trama de múltiples capas, Origen es un puzzle visual que desafía al espectador. Imprescindible para fans de la ciencia ficción intelectual."
Matrix,"Revolucionario film de ciencia ficción de los hermanos Wachowski que redefinió el género de acción. Neo, un programador que lleva una doble vida como hacker, descubre que la realidad tal como la conoce es una simulación creada por máquinas inteligentes para esclavizar a la humanidad. Combinando filosofía oriental, cyberpunk y artes marciales, Matrix introdujo el efecto bullet time y planteó preguntas profundas sobre la naturaleza de la realidad. Icónica y revolucionaria."
Interestelar,"Ambiciosa epopeya de ciencia ficción de Christopher Nolan sobre la supervivencia de la humanidad. Cuando la Tierra se vuelve inhabitable, un grupo de astronautas viaja a través de un agujero de gusano cerca de Saturno en busca de un nuevo hogar. La película combina rigor científico con una poderosa historia de amor paternal que trasciende el espacio y el tiempo. Con impresionantes efectos visuales y una banda sonora de Hans Zimmer, es una reflexión sobre el sacrificio y la esperanza."
El silencio de los inocentes,"Magistral thriller psicológico de Jonathan Demme que ganó los 5 Óscar principales en 1992. La agente del FBI Clarice Starling debe buscar la ayuda del brillante y perturbador psiquiatra caníbal Hannibal Lecter para capturar a Buffalo Bill, un asesino en serie que desolla a sus víctimas. La química aterradora entre Jodie Foster y Anthony Hopkins creó dos de los personajes más icónicos del cine de terror."
Gladiador,"Épico peplum de acción dirigido por Ridley Scott en 2000. El general romano Máximo Décimo Meridio es traicionado por el hijo del emperador y esclavizado. Se convierte en gladiador y busca venganza contra el corrupto Cómodo, quien asesinó a su familia y usurpó el trono. Con batallas espectaculares y una actuación memorable de Russell Crowe, la película ganó 5 premios Óscar incluyendo Mejor Película. Perfecta para fans del cine histórico y la acción."
Titanic,"Épico romance catastrófico de James Cameron que se convirtió en la película más taquillera de su época. Jack Dawson, un joven artista sin fortuna, y Rose DeWitt Bukater, una aristócrata prometida con otro, viven un apasionado romance a bordo del Titanic en su fatídico viaje inaugural. La película combina una historia de amor inmortal con efectos visuales revolucionarios y la recreación detallada del hundimiento del barco. Ganadora de 11 premios Óscar."
Toy Story,"Histórica película de animación de Pixar que cambió para siempre el cine de animación. Los juguetes del joven Andy cobran vida cuando los humanos no los observan. El vaquero Woody debe lidiar con los celos que le produce el nuevo juguete espacial Buzz Lightyear, quien amenaza su estatus como favorito. Con animación 3D revolucionaria para 1995 y personajes entrañables, Toy Story es un clásico que capturó los corazones de todas las generaciones."
El rey león,"Obra maestra de la animación de Disney ambientada en la sabana africana. El joven príncipe Simba presencia el asesinato de su padre a manos de su tío Scar, quien lo manipula para que huya y tome el trono. Años después, Simba debe regresar para reclamar su reino y su destino. Con canciones memorables de Elton John, una animación deslumbrante y una historia emocionante basada en Hamlet, es un clásico atemporal."
Braveheart,"Épico drama histórico dirigido y protagonizado por Mel Gibson. William Wallace, un guerrero escocés del siglo XIII, se convierte en el líder de la rebelión de su pueblo contra la brutal ocupación inglesa del rey Eduardo I. Con batallas épicas y una apasionada historia de amor y pérdida como telón de fondo, la película ganó 5 premios Óscar incluyendo Mejor Película y Mejor Director. Imprescindible para fans del cine histórico y bélico."
Salvar al soldado Ryan,"Devastador drama bélico de Steven Spielberg ambientado en la Segunda Guerra Mundial. Tras el brutal desembarco en las playas de Normandía, un capitán recibe la misión de encontrar al soldado James Ryan, cuyos tres hermanos murieron en combate, para enviarlo a casa. La película es conocida por su realismo brutal y su impactante secuencia de apertura. Protagonizada por Tom Hanks, ganó 5 premios Óscar incluyendo Mejor Director."
American History X,"Perturbador drama sobre el odio racial en Estados Unidos. Derek Vinyard, un carismático líder de una banda neonazi en Los Ángeles, sale de prisión tras cumplir condena por homicidio y se arrepiente de su pasado. Intenta desesperadamente evitar que su hermano menor Danny siga sus mismos pasos. Con una actuación reveladora de Edward Norton y una narrativa no lineal en blanco y negro y color, la película es una reflexión sobre la violencia, el odio y la posibilidad de redención."
El pianista,"Desgarradora historia de supervivencia durante el Holocausto dirigida por Roman Polanski. El talentoso pianista judío Władysław Szpilman sobrevive contra todo pronóstico en el Varsovia ocupado por los nazis, escondido en edificios abandonados del gueto. Basada en la autobiografía real de Szpilman, la película ganó la Palma de Oro en Cannes y 3 premios Óscar. Con la magistral actuación de Adrien Brody, es uno de los documentos cinematográficos más importantes sobre la Segunda Guerra Mundial."
Apocalypse Now,"Monumental epopeya bélica de Francis Ford Coppola sobre la locura de la guerra de Vietnam. El capitán Willard recibe una misión secreta: adentrarse en la jungla cambodiana río arriba para eliminar al coronel Kurtz, un oficial de élite que ha enloquecido y se ha proclamado dios de una tribu indígena. Basada en la novela 'El corazón de las tinieblas' de Joseph Conrad, la película es una crítica devastadora al imperialismo y la naturaleza deshumanizadora de la guerra."
Ciudadano Kane,"Considerada por muchos críticos la mejor película de la historia. Orson Welles dirige y protagoniza esta revolucionaria obra sobre Charles Foster Kane, un magnate de los medios de comunicación cuya muerte desata una investigación periodística sobre su enigmática vida. Con técnicas cinematográficas innovadoras como el uso del flashback no lineal y la fotografía de profundidad de campo, el film redefinió el lenguaje cinematográfico para siempre."
2001: Una odisea del espacio,"La película de ciencia ficción más influyente de la historia, dirigida por Stanley Kubrick. En un viaje épico que abarca desde el amanecer de la humanidad hasta los confines del universo, una misión espacial hacia Júpiter revela la presencia de una misteriosa computadora con inteligencia artificial llamada HAL 9000. Meditación filosófica sobre la evolución humana, la tecnología y la existencia, con efectos visuales que permanecen impactantes décadas después de su creación."
El gran Lebowski,"Comedia absurdista de los hermanos Coen que se ha convertido en película de culto. Jeffrey 'El Nota' Lebowski, un holgazán aficionado a los bolos, es confundido con un millonario del mismo nombre y se ve arrastrado a una extravagante historia de secuestros, artistas nihilistas y alfombras manchadas en Los Ángeles de los años 90. Con Jeff Bridges en el papel de su vida y diálogos memorables, la película es un homenaje al cine negro llevado al absurdo."
Los siete samurái,"Obra cumbre del cine japonés dirigida por Akira Kurosawa en 1954. Atormentados por bandidos que roban sus cosechas cada año, los campesinos de un pequeño pueblo contratan a siete samurái sin trabajo para que los protejan. La película explora temas de honor, sacrificio y solidaridad con un ritmo impecable y personajes memorables. Considerada una de las más grandes películas de acción jamás filmadas, fue la inspiración directa de 'Los siete magníficos'."
Psicosis,"Obra maestra del suspense de Alfred Hitchcock que redefinió el cine de terror. Marion Crane, una secretaria que huye con dinero robado, se hospeda en el solitario Motel Bates, regentado por el tímido Norman y su dominante madre. La película revolucionó el cine con su uso del suspenso, la música aterradora de Bernard Herrmann y su escandaloso giro narrativo. Imprescindible para entender la historia del cine de terror y suspense."
Alien: El octavo pasajero,"Seminal película de terror de ciencia ficción dirigida por Ridley Scott. La tripulación de la nave espacial comercial Nostromo recibe una señal de socorro en un planeta desconocido y descubre una forma de vida extraterrestre mortalmente peligrosa que empieza a cazarlos uno a uno. Con el diseño alienígena de H.R. Giger y la protagonista Sigourney Weaver como heroína pionera en el género, la película creó uno de los monstruos más terroríficos del cine."
Blade Runner,"Noir de ciencia ficción visionario de Ridley Scott ambientado en un Los Ángeles futurista y lluvioso de 2019. Rick Deckard es un detective especializado en cazar replicantes, androides casi indistinguibles de los humanos, que se han escapado de las colonias espaciales. La película plantea profundas preguntas sobre la identidad, la humanidad y la empatía, con una atmósfera oscura y visual que creó el estilo cyberpunk. Basada en la novela de Philip K. Dick."
Indiana Jones y los cazadores del arca perdida,"Aventura de acción icónica de Steven Spielberg protagonizada por Harrison Ford como el arqueólogo Indiana Jones. El profesor Jones debe competir contra los nazis para encontrar el Arca de la Alianza antes de que Hitler la utilice para crear un ejército invencible. Con una mezcla perfecta de humor, acción y romance, la película revitalizó el cine de aventuras y creó uno de los personajes más queridos de la historia del cine."
Terminator 2: El juicio final,"Secuela revolucionaria de ciencia ficción y acción dirigida por James Cameron. En 1991, un T-800 de la resistencia es enviado al pasado para proteger al joven John Connor del implacable T-1000, un nuevo modelo capaz de adoptar cualquier forma. Con efectos especiales que marcaron un antes y un después en la historia del cine, la película equilibra perfectamente la acción con una historia emotiva sobre la naturaleza humana."
El exorcista,"La película de terror más influyente jamás filmada, dirigida por William Friedkin en 1973. La pequeña Regan MacNeil, de doce años, comienza a mostrar comportamientos extraños y aterradores que llevan a su madre a buscar ayuda médica y, finalmente, religiosa. Dos sacerdotes son convocados para realizar un exorcismo en una batalla épica contra el mal. Causó pánico real en los cines de todo el mundo y definió el género del terror sobrenatural."
E.T.: El extraterrestre,"Emotivo cuento de hadas moderno de Steven Spielberg que capturó el corazón del mundo entero. El solitario niño Elliott descubre a un extraterrestre abandonado accidentalmente en la Tierra y establece con él un vínculo especial y telepático. Juntos deben evitar que las autoridades atrapen al ser mientras intentan comunicarse con su planeta de origen. Con la icónica imagen de la bicicleta volando ante la luna llena, es una de las películas más queridas de la historia."
Back to the Future (Regreso al futuro),"Comedia de ciencia ficción perfecta de Robert Zemeckis que definió el entretenimiento de los años 80. El adolescente Marty McFly viaja accidentalmente al año 1955 en un DeLorean convertido en máquina del tiempo por el excéntrico Dr. Emmett Brown. Atrapado en el pasado, debe lograr que sus padres se enamoren y encontrar la manera de regresar al futuro. Con diálogos ingeniosos y una trama impecable, es un clásico atemporal del cine de aventuras."
Jurassic Park,"Espectacular aventura de ciencia ficción de Steven Spielberg. El millonario John Hammond ha creado un parque temático en una isla remota con dinosaurios clonados genéticamente. Cuando los sistemas de seguridad fallan, los animales prehistóricos escapan de sus recintos y los visitantes deben luchar por sobrevivir. Con efectos especiales que revolucionaron la industria cinematográfica, la película sigue siendo una experiencia de entretenimiento emocionante e impactante."
El sexto sentido,"Thriller sobrenatural de M. Night Shyamalan con uno de los giros finales más impactantes de la historia del cine. El psicólogo infantil Malcolm Crowe intenta ayudar a Cole Sear, un niño atormentado que afirma ver y hablar con personas muertas. Una película que explora el duelo, la comunicación y la aceptación, con una actuación memorable del joven Haley Joel Osment."
Memento,"Innovador thriller de Christopher Nolan sobre la memoria y la identidad. Leonard Shelby sufre una grave lesión cerebral que le impide crear nuevos recuerdos a largo plazo. Para investigar el asesinato de su esposa, usa notas, fotos y tatuajes como ayuda memoria. La película se narra de forma inversa, permitiendo al espectador experimentar la confusión del protagonista. Un ejercicio cinematográfico brillante sobre la naturaleza subjetiva de la realidad."
Goodfellas (Buenos muchachos),"Cruda y apasionante crónica del crimen organizado dirigida por Martin Scorsese. Basada en hechos reales, narra la vida de Henry Hill desde su adolescencia en Brooklyn, cuando entra en el mundo de la mafia neoyorquina, hasta su caída y eventual traición a sus socios. Con un ritmo narrativo electrizante, actuaciones soberbias de Ray Liotta, Robert De Niro y Joe Pesci, y una banda sonora rock icónica, es considerada una de las mejores películas de crimen."
Casablanca,"Clásico romántico ambientado durante la Segunda Guerra Mundial que se convirtió en sinónimo del cine de Hollywood. Rick Blaine, el dueño de un café en el Marruecos colonial, reencuentra inesperadamente a su antiguo amor, Ilsa, quien ahora es esposa de un líder de la resistencia antinazi. Una película sobre el amor, el sacrificio y el honor con diálogos memorables que han trascendido generaciones. Ganó 3 premios Óscar incluyendo Mejor Película."
Cantando bajo la lluvia,"La comedia musical más querida de la historia del cine. Durante la turbulenta transición del cine mudo al sonoro en el Hollywood de los años 20, el galán Don Lockwood y la bailarina Kathy Selden intentan salvar una película transformándola en musical, mientras el amor florece entre ellos. Con números musicales extraordinarios, incluyendo la icónica escena bajo la lluvia, y las actuaciones de Gene Kelly y Debbie Reynolds, es la quintaesencia del musical de Hollywood."
Lo que el viento se llevó,"Monumental épica romántica ambientada en el Sur americano durante la Guerra Civil y la Reconstrucción. La apasionada y testaruda Scarlett O'Hara lucha por sobrevivir a la guerra y recuperar su plantación, Tara, mientras vive un tumultuoso romance con el pícaro Rhett Butler. Con Vivien Leigh y Clark Gable en papeles legendarios y una producción faraónica, fue la película más taquillera de la historia durante décadas. Ganó 8 premios Óscar."
Lawrence de Arabia,"Épica biográfica de David Lean sobre T.E. Lawrence, el oficial británico que unificó a las tribus árabes contra el Imperio Otomano durante la Primera Guerra Mundial. Filmada en escenarios naturales deslumbrantes, la película es una exploración de la identidad, el colonialismo y la guerra a través de un personaje fascinante y contradictorio. Peter O'Toole ofrece una de las actuaciones más extraordinarias de la historia del cine. Ganó 7 premios Óscar."
Chinatown,"El mejor neo-noir del cine americano, dirigido por Roman Polanski en 1974. El detective privado J.J. Gittes es contratado para investigar un caso de adulterio en el Los Ángeles de los años 30, pero se ve enredado en una oscura conspiración que involucra el agua de la ciudad y secretos familiares terribles. Con Jack Nicholson y Faye Dunaway, el guion de Robert Towne es considerado uno de los mejores de la historia."
El apartamento,"Agridulce comedia romántica de Billy Wilder, ganadora del Óscar a Mejor Película en 1960. El insípido empleado de oficina C.C. Baxter presta su apartamento a sus superiores para sus aventuras extramaritales con la esperanza de conseguir un ascenso, hasta que descubre que el ejecutivo del que depende tiene una relación con la chica de la que él está enamorado. Una reflexión sobre la soledad, el amor y la dignidad con Jack Lemmon y Shirley MacLaine en sus mejores papeles."
El puente de los espías,"Thriller histórico de Steven Spielberg sobre la diplomacia de la Guerra Fría. El abogado James Donovan es reclutado por la CIA para defender al espía soviético Rudolf Abel en un juicio, y luego es enviado a Berlín para negociar el intercambio de prisioneros: Abel por el piloto del U-2 Gary Powers. Con Tom Hanks y Mark Rylance, la película es una reflexión sobre la justicia, el coraje y los principios en tiempos de guerra fría."
Dunkerque,"Hipnótica película bélica de Christopher Nolan sobre la evacuación de Dunkerque en 1940. Narrada desde tres perspectivas simultáneas en tierra, mar y aire, con diferentes líneas temporales, la película recrea la desesperada evacuación de 400.000 soldados aliados ante el avance alemán. Sin apenas diálogos, apela a las sensaciones viscerales del espectador. Ganadora de 3 premios Óscar y considerada uno de los mejores films bélicos jamás filmados."
1917,"Extraordinario drama bélico de Sam Mendes sobre la Primera Guerra Mundial, filmado para parecer una toma continua. Dos soldados británicos deben cruzar territorio enemigo abandonado para entregar a tiempo un mensaje que podría evitar una emboscada y salvar la vida de 1600 compañeros. Una carrera contrarreloj en tiempo real que sumerge al espectador en los horrores de la Gran Guerra. Ganadora de 3 premios Óscar incluyendo Mejor Fotografía."
El gran dictador,"La primera película sonora de Charles Chaplin y una de las sátiras políticas más audaces de la historia. Un barbero judío con amnesia es confundido con el dictador Adenoid Hynkel, caricatura directa de Hitler, en la Alemania Nazi. Chaplin arriesgó su carrera para hacer esta película antifascista en 1940, cuando Estados Unidos aún no había entrado en la guerra. El discurso final es uno de los más poderosos de la historia del cine."
Tiempos modernos,"La última película protagonizada por el icónico personaje del 'Charlot' de Charles Chaplin, una brillante sátira de la industrialización y el capitalismo. Un obrero de fábrica es destrozado psicológicamente por la cadena de montaje mecanizada y sus consecuencias. La película es una defensa de los derechos de los trabajadores y una crítica al maquinismo deshumanizador, con momentos de comedia física genial. Considerada una obra maestra del cine mudo tardío."
El show de Truman,"Brillante sátira sobre la sociedad de la vigilancia y la realidad mediática, protagonizada por Jim Carrey en una de sus mejores actuaciones. Truman Burbank vive en una ciudad perfecta llamada Seahaven sin saber que toda su vida ha sido transmitida en vivo como el mayor show de televisión del mundo. Cuando comienza a sospechar, intenta escapar de esa existencia fabricada. Una reflexión profética sobre la privacidad, la autenticidad y el entretenimiento masivo."
Coco,"Emotiva y visualmente deslumbrante película animada de Pixar sobre la cultura mexicana del Día de los Muertos. El joven Miguel, apasionado por la música pero con una familia que la prohíbe, viaja accidentalmente a la Tierra de los Muertos donde debe encontrar a su tatarabuelo para poder regresar. Con una banda sonora hermosa, un diseño de producción extraordinario y un mensaje poderoso sobre la memoria, la familia y los sueños, ganó el Óscar a Mejor Película Animada."
Parasite,"Magistral thriller social del director coreano Bong Joon-ho, primera película no angloparlante en ganar el Óscar a Mejor Película. Una familia de bajos recursos, los Kim, se va infiltrando metódicamente en la vida de los adinerados Park haciéndose pasar por tutores y trabajadores cualificados. Lo que comienza como una comedia oscura deriva hacia el thriller y el drama con consecuencias imprevisibles. Una radiografía brillante de la desigualdad de clases en la Corea contemporánea."
